<?xml version="1.0" encoding="UTF-8" ?>
<!DOCTYPE configuration
  PUBLIC "-//mybatis.org//DTD Config 3.0//EN"
  "http://mybatis.org/dtd/mybatis-3-config.dtd">
<configuration>
	<typeAliases>
	
	
		<typeAlias type="com.seohyang.star.StarDAO" alias="sDAO"></typeAlias>
		<typeAlias type="com.seohyang.star.StarDTO" alias="sDTO"></typeAlias>
		<typeAlias type="com.seohyang.star.PointDAO" alias="pDAO"></typeAlias>
		<typeAlias type="com.seohyang.star.PointDTO" alias="pDTO"></typeAlias>
		<!-- <typeAlias type="com.itbank.mvc10.MemberDTO" alias="mDTO"></typeAlias>
		<typeAlias type="com.itbank.mvc10.BbsDTO" alias="bDTO"></typeAlias>
		<typeAlias type="com.itbank.mvc10.myCommentDTO" alias="cDTO"></typeAlias>
		<typeAlias type="com.itbank.mvc10.ReplyDTO" alias="rDTO"></typeAlias> -->
	</typeAliases>
	<mappers>
		<mapper resource="mapper/starMapper.xml" />
		<mapper resource="mapper/pointMapper.xml" />
		<!-- <mapper resource="mapper/memberMapper.xml" />
		<mapper resource="mapper/bbsMapper.xml" />
		<mapper resource="mapper/commentMapper.xml" />
		<mapper resource="mapper/replyMapper.xml" /> -->
		
	</mappers>
</configuration>
