<?xml version="1.0" encoding="UTF-8" ?>
<!DOCTYPE mapper PUBLIC "-//mybatis.org//DTD Mapper 3.0//EN"
  "http://mybatis.org/dtd/mybatis-3-mapper.dtd">

<mapper namespace="pDAO">

	<select id="select" parameterType="pDTO" resultMap="rsMap" >
		SELECT * FROM point
		WHERE id = #{id}
	</select>

	<resultMap type="pDTO" id="rsMap">
		<result property="id" column="id" />
		<result property="point" column="point" />
		<result property="booktitle" column="booktitle" />
		<result property="bookprice" column="bookprice" />
		<result property="total" column="total" />
		
		
	</resultMap>

	<select id="selectAll" resultMap="rsMap">
		SELECT * FROM point
	</select>

	<insert id="insert" parameterType="pDTO">
		INSERT INTO point
		VALUES(#{id},#{point},#{booktitle},#{bookprice},#{total})
	</insert>
	
	
	<update id="update" parameterType="pDTO">
      UPDATE point
      SET
      point=#{point},
      booktitle=#{booktitle},
      bookprice=#{bookprice},
      total=#{total}
      WHERE
      id = #{id}
   </update>

	

	<delete id="delete" parameterType="pDTO">
		DELETE FROM point WHERE
		id = #{id}
		
	</delete>

</mapper>
