<?xml version="1.0" encoding="UTF-8" ?>
<!DOCTYPE mapper PUBLIC "-//mybatis.org//DTD Mapper 3.0//EN"
  "http://mybatis.org/dtd/mybatis-3-mapper.dtd">

<mapper namespace="sDAO">

	<select id="select" parameterType="sDTO" >
		SELECT * FROM star
		WHERE starnum = #{starnum}
	</select>

	<resultMap type="sDTO" id="rsMap">
		<result property="starnum" column="starnum" />
		
		
	</resultMap>

	<select id="selectAll" resultMap="rsMap">
		SELECT * FROM star
	</select>

	<insert id="insert" parameterType="sDTO">
		INSERT INTO star
		VALUES(#{starnum})
	</insert>

	

	<delete id="delete" parameterType="sDTO">
		DELETE FROM star WHERE
		starnum = #{starnum}
		
	</delete>

</mapper>
